images/cave/IMG_2924.webp	La Gorge | rauche | EBLANCHE | ARTISANALE
images/cave/IMG_2926.webp	La Gorge | Frauche | E BIOS | EBLANCHE | ARTISANALE
images/cave/IMG_2927.webp	Afiche | STÖUT | BRTISRARLE
images/cave/IMG_2928.webp	Tramountair | BIÊRE VIEILLIE EN FÔT DE WHISK | Renbouteilleo on Fronco gorBratr | Conal du Demi 340522 | 2avenus Joseph Lozore 12500 BiA
images/cave/IMG_2929.webp	A BARRIQUADE LAS | VIEILLIE EN BARRIOLE | Fanche
images/cave/IMG_2930.webp	éridion | Sour
images/cave/IMG_2931.webp	A TRIPLE BARRIOUE | VIEILLIE EN BARRIOL | te gerg | Fraiche
images/cave/IMG_2932.webp	A TRIPLE BARRIOUA | VIEILLIE EN BARRIOLE | de getae | Fraiche
images/cave/IMG_2933.webp	BIERE | ARTISORAL | PETI | MMNETUS | TRIPLE
images/cave/IMG_2934.webp	La gorge | Брагел | BÊNE | HIVER | EU SROP DERFBLEFUR | ARTISANALE
images/cave/IMG_2935.webp	La Gorge | Fraїche | +5%1 | ÉAMBRÉE | ARTISANALE C
images/cave/IMG_2936.webp	La gorge | Fraiche | 149% VOL | EBLONDE | ARTISANALE
images/cave/IMG_2937.webp	ZERD | COMPROMS | -100%- | PLAISTR | La gorge | Fraiche | LA BLONDE QUI A TOUT | SAUF L'ALCOOL | LERERE | RAFRAICHISSHNTE | ET SANS ALCOOL | SANS | ALCOOL | 0,5%рL.
images/cave/IMG_2938.webp	LouLoD | 85 cl | Biere Blonde Artisanale
images/cave/IMG_2939.webp	La gorge | Fraiche | BIÈRE BLONDE | MERDIOIRL LRGER | ARTISHWBLE
images/cave/IMG_2940.webp	CONCOURS GENLULUE | EDANLE! | PİRIS 2026:5 | Bière Blonde | infusée aux herbes et épices | bale en France par Brasserie Artisanale Cord r | Zavenue loseph Lazare 34500 Bizies | www.lagorgefraiche.ff | Disrbuse par la Maison Noily Prat (BMF) | True Noilly 34340 Marseillan
images/cave/IMG_2941.webp	La Gorge | Fraiche | EBLONDE | ARTISANALE
images/cave/IMG_2942.webp	CLA CUVEL | (DES FAPAS
images/cave/IMG_2953.webp	PET | MIDINETTE | AMBRÉE
images/cave/IMG_2957.webp	La Ggorge | Maiche | BIERE | NEIPA | ARTISRNALE
images/cave/IMG_2961.webp	Verger | &Thau | • Bio • | TOMATE
images/cave/IMG_2962.webp	Verger | dlhau | PÊCHE
images/cave/IMG_2963.webp	Verger | để Thau | RAISIN
images/cave/IMG_2964.webp	05 | CÉPAGE | GRENACHE | PUR JUS DE RAISINS | SANS SUCRE AJOUTE | EXEL
images/cave/IMG_2965.webp	04 | CÉPAGE | SYRAH | PUR JUS DE RAISINS | SANS SUCRE AJOUTE* | aXE!
images/cave/IMG_2966.webp	02 | CÉPAGE | SAUVIGNON | PUR JUS DE RAISINS | SANS SUCRE AJOUTÉ* | ie vud
images/cave/IMG_2967.webp	03 | CÉPAGE | CARIGNAN | PUR JUS DE RAISINS | SANS SUCRE AJOUTE* | Tve vat
images/cave/IMG_2975.webp	Hypo le Hord | COTEAUX | SINGUIGNONS | gomay
images/cave/IMG_2976.webp	Herdt | Philippe le Hadi | COTEAUX BOURGUIGNONS 2004 | wusosboricseonc | Нв віорокен д зир зо Двaя поk, й | Adoa de Dec ăr Dout | Ptippe le Hediec en | Coere Melnes conjague Fao | - FONS ROXER SANI | mghlpyodlendico | TEX DE ROTRCOGXE | IOOVIE DE TRANCE | 150 1l-1 25%
images/cave/IMG_2977.webp	2023 | VIN DE BOCKOOE | BOURGOGNE | PINOT NOIR - VIEILLES VIGNES | Philippe le Hladi | PRODEIY DE FRANCY
images/cave/IMG_2978.webp	2022 | IERCUREY | OrrciNi eroticil | LES CHENEAULTS | DUNeDE DE CRisA | Philippe le Hardi
images/cave/IMG_2980.webp	2022 | MERCUREY | MPTELATION D'ORIGINE PROTICEI | LES CHENEAULTS | kilippe le Hara | TROOUIT DI FEANCH
images/cave/IMG_2981.webp	2022 | IERCUREY | LA BRIGADIÈRE | Philippe le Hardi
images/cave/IMG_2982.webp	Paitippe le S. | 2023 | SANTENAY 1ER URU | VELLLATION D OKICINE PROTECEY | LA COMME | Philippe le Hardi
images/cave/IMG_2983.webp	Philippe l 3 | 2023 | IlEURSAULT | хa TrолlCI | Philippe ke Slardi | TRODEit sETrANC"
images/cave/IMG_2984.webp	A lppe le Herd | 2020 | CORTON-CHARLEMAGNE | AFERLEATION D'ORIGINE TROTICE | GRAND CRU | Philippe le Hardi
images/cave/IMG_2985.webp	2023 | BOURGOGNE | •ETELSATION D'ORIGINI PROTECE | CHARDONNAY - VIEILLES VIGNES | Philippe le Hlord
images/cave/IMG_2986.webp	2023 | CHABLIS | Philippe le Hardi
images/cave/IMG_2987.webp	PLaLo | 2023 | SAINT-AUBIN | ATEELLAZION BORIGINI POIECES | EN VESVEAU | Philippe le Hardi
images/cave/IMG_2988.webp	2019 | GEVREY-CHAMBERTIN | PREMIER CRU PETITE CHAPELLE | Philipe le Kardi
images/cave/IMG_2989.webp	2019 | CLOS DE VOUGEOT | GRAND CRU | Philippe le Hadi
images/cave/IMG_2990.webp	2022 | MEAUNE 1ER ÜRU | MUELIATION D ORIGINT TROTEGIL | CLOs DU RoI | hilippe le Hara
images/cave/IMG_2991.webp	2023 | VOSNE-RROMANÉE | Philippre le Hardi | CRODEIT OS
images/cave/IMG_2992.webp	Nadi | 2020 | CHAMBOLLE-I1lUSIGNY | TEO3I6E | LES CONDEMENNES | Philippe le Kardi
images/cave/IMG_2993.webp	sh & Hadi | 2019 | GEVREY-CHAMBERTIN | Es MUROTS | Phiteppe l Hadi | ERODUEF OF TRANCH
images/cave/IMG_2994.webp	Phitippe LSE | 2023 | ALOXE - CORTON | aottcti | LES BRUNETTES ET PLANCHOTS | Philippe le Hardi
images/cave/IMG_2995.webp	isse le Hardi | 2022 | FOMMARD | Philippe le Hardi
images/cave/IMG_2996.webp	RECHIRS DE MERC | ILIEL DE | DoMis | Philipp | PRODUIT
images/cave/IMG_2997.webp	Xavier Mourier | MARSANNE | BARRAL
images/cave/IMG_2998.webp	CHAVANAY | 2025 | Marsanne Barral | Indicasico Góograpbiqes Protsgóe | Collines Rbodanionnas | Bvi a tia on boucile per SV a F-4250 M6dr | Xavier Mourier - Peyssonnesu 42520 Maciss | xuit sercelaines pour le respect des temoin. | 067487 04 C7 | 75 cl | 13 %wol | 12606
images/cave/IMG_2999.webp	Xavier Mourier | RI БA- | SYRAH | BARRAL
images/cave/IMG_3002.webp	Les | GALETS | POURPRES | SÓTES OU PHONEVILACES
images/cave/IMG_3003.webp	Les | GALETS | POURPRES | SCOTES OU RHONEMILAGES
images/cave/IMG_3004.webp	2023 | Côtes du Rhone Village | Aopessbon drOngine Frotege | Sablet | Elèvé et mis en bouteille par | MV F4ZSZO M3CUS | bnl depuis 4 geserot ons on pies | Denzalles de Masrmiroil sors celvaes | NENEAT
images/cave/IMG_3005.webp	CROZES-HERMITAGE | KIELLATION CROZES-RERS | ITACE COXTROLEI | La Muselle
images/cave/IMG_3006.webp	CHAVANDY | 2024 | Croze-Hermitage | Appolatice d'Oniginc Protogóe | Elve of mis on besdcilk per MV 3 F-42300 Madr | Xnier Mourier - Plyssonneau 42520 Macls | Trane ter ie codean dany a noi a iasie e | 0476 87 04 07 | sourie.con | 75 cl | 13%ol | 12532
images/cave/IMG_3007.webp	DOMAINE | IERRE | LANCHE | Xavier Mounes | VIGNEROY | SAINT-JOSEPH | ASPESCATION D'ORIOINE PROTEGEE | Les Caboles
images/cave/IMG_3008.webp	2023 | Saint-Joseph | Appelladen df Onigine Protegée | Les Caboles | Récolté, élévé et mis en bouteille par | Pryssonneau 42520 Maclas | Bevage sont parcellaires pou | e respect des terroin | 0474 87 04 07 | 14%0
images/cave/IMG_3009.webp	Les | GALETS | POURPRES | GIGONDAS | Prottetn | LES FÉTOULES
images/cave/IMG_3010.webp	2020 | Gigondas | Appelasion d'Ongine Protegée | Elévé et mis en boutelle par | MV à F42520 Maclas | 750 | 15%ol
images/cave/IMG_3011.webp	HERMITAGE | MYELLATIOX HERHIFAGE CONTAOLE | Les Romes
images/cave/IMG_3012.webp	2022 | HERMITAGE | Appelation d'Origins Protogó: | Les Rouies | Mn on bosdaile par LM (EM 299TA | Peyssonneau 42520 Maclas | 1022 | Tevrerpeci oes toron | 13%ao | 04 74 87 04 07 | 75 0 | ww.domuiwsmounel.com
images/cave/IMG_3013.webp	DOMAINE | TERRE | VLANCHE | Xavier Mouner | YIONEROX | CÔTE-RÔTIE | APPELIATION D'ORIGINE PROTICEE | Pierre Blanche
images/cave/IMG_3014.webp	CHAVANUY | 2023 | Côte-Rôtie | Appellacion d'Onigine Protegee | Pierre Blanche | Récollé tlevé et mis en bouteile par | Peyssonoeau 42520 Maclas | de la biodiversité, les viniticatio | Cevage sont parcellaines pou | 13.5%vol | 0474 87 04 07 | www.domainesmouriee.com
images/cave/IMG_3018.webp	ANAY | FONT-JILLARDE | CHATEAUNEUF-DU-PAPE | APPELLATION O ORIOINE PROTLSÉE
images/cave/IMG_3019.webp	2022 | Châteauneuf-du-Pape | Appelation d'Origine Protegee | Fontjillarde | Elevé et mis en boutelle par | 15%vol | L2416 | 150cl
images/cave/IMG_3020.webp	LE CLOS | GRIVES | CÔTES DU JURA | IPPELLITION CÓTES DU JURE CONTRÓLES | VIN JAUNE | 2018 | Msen boutele per a | MASON DES CRIVES | 39570 CHILLE Jura - Fionce | inBciopse - FR8041 - Cetl Ecoces eke 55
images/cave/IMG_3021.webp	LE SLOS. | GRIVES | MACVIN | DU JURA | MACVIN DU JURA | UPELLE ON VACVEN OU ARE CONTESEE | Ma en boutele o la proprete por | KEV Te dlos des Qoves | VinBdlogoe | 750 m
images/cave/IMG_3022.webp	LE GLOS | GRIVES | 2023 | des Bois | Trousseau/Poulsard
images/cave/IMG_3023.webp	CÓTES DU JURA | APPIEATION COTES IXI FURA CUNTEOLEL | TROISSFATI- POULSARD | Deneis 1968 le Clos des Geives, domaine | ceektcт mathne horasee poektl | ctposton optimale pourClabonadd ore | SaceiokeBasde famvet a tosoce Quo | noezrsesihatee cosors ae ontrse | ctosmeteeatee s | ahads Coalde | hod lasg.fooatdlle
images/cave/IMG_3024.webp	CRÉMANT DU JURA | ECLO | GRIVE | ¡CRÉMANT DU JURA | APELLATON CHEMANT OU JRA CONTROLEE | fot pe scev te clos de Grves : CRLL -ue -190 | dosgveslgnol.com | Opdogen
images/cave/IMG_3025.webp	LE SLOS | GRIVES | 2024 | des Bois | Trousseau/Pinot Noir
images/cave/IMG_3026.webp	COTES DU JURA | ALPELLATION COTES DU PURA CONTROIR | IKOUSSEAU - PINOT NUIK | Uopes 1965, le Ciosdes Gavar, Oie | Ploemict en anit tane hislorigae ooit duee | Stptaboe opcimale poer 1 clabocabos de vet | Siace 1968, Ie Clos des Griver, a proocct docia | Wittatc nbouhore, ceioys an optmal se | apoture foe the claboratce of lem
images/cave/IMG_3027.webp	LE GLOS | GRIVES | 2022 | Jura Nada | Savagnin Naturé | 4, Arleine Pesstin
images/cave/IMG_3028.webp	роора н | COTES DUJURA | TILATONCORES DUTORA CONTROLEI | JURA'NADA | Suvawnin Nature
images/cave/IMG_3029.webp	LE CLOS | GRIVES | 2022 | De Bicknell | Chardonnay
images/cave/IMG_3030.webp	CÔTES DU JURA | APPELLATION CÓTES DU FURA CONTRÚCEE | CHARDONNAY | 2022 | Depuis 1968, le Clos des Geives, docuisc | peocnior on agnitalare biologigae jsat fac | capositios optinale poer Tclafoctiot de ves | Sace 1968, le Clos des Geivos doesais peoscer a | sppasic farming, cajoys an optinal caposar. lrc | 15,% ol | Mis on boutcilie par | La Maisce dos Gerves | oscarl@choadesgrives.o | Coetot do adles. Cotie Sile
images/cave/IMG_3031.webp	LE SLOS | GRiVES | 2023 | Draine | Savagnin. Quillé
images/cave/IMG_3032.webp	CÔTES DU JURA | APPELLATION CÚTES DEI JURA CONTRÍCÉE | SAVAGNIN OUILLE | 2023 | Dequis 1968, le Clos des Geives docuisc | proeticr en agntatture biolopipr jxit dec | crposisioe optiecale pour Telabocaios de vis | Stace 1968, le Clos des Grives, docain pescre | seaвiс frming, саюуs an opбinal скресат: Кr b: | dlabontics of wisos | Mas cn bootcill par | La Maison des Geives | CHII 1F. Jen - Fraoce | oscar@cloodosgrivos.com | tsniles Coen be | Padul de Fnace- Poder effsaer
images/cave/IMG_3033.webp	LE CLOS | GRIVES | 2019 | Musicienne | Chardonnay
images/cave/IMG_3034.webp	CÓTES DU JURA | AMILATXACODSDOERACNTRCN | CHARDONNAY | 2019 | Depeis 196%, le Clos des Geivex docan: | pioenicr on agrtahe biologigac jvat ter | apoasos optimale pour 7 dlabeatice deves | Sace 1968, le Clos des Geives, docais picnoare) | опрекс (етіор, свроух ал оротый скровит бr be | dabocaticn of wiss | Mx en boutcille à la propritle pr | SCEV Le Cles das Grver | CHILLE- Jur - Frano | B8 ol | oscargclosdosgnives.co
images/cave/IMG_3035.webp	LE CLOS | GRIVES | 2023 | Solitaire | Saragnin
images/cave/IMG_3036.webp	CÓTES DU JURA | NPELLATION CÓTES DU JLRA CONTRÚLIS | SAVAGNIN | Depuis 1968, le Clos des Geivex, deesain | piomnicr es agntalture hiokegique joet fhec | epostaco optimale pour 1 dlabocatiso de vis | Soce 198, le Clos dos Geivex, docsain picscre | rpesc laming, cejcys an optinal caposat krae | daberaticn of'wines | Mãs en bosteille à la geopoieté per | SCEV Le Clos des Grives | oscargclosdesgrvos.oo | 10ml
images/cave/IMG_3037.webp	LE MUSCARIS
images/cave/IMG_3038.webp	LE MUSCARIS | Mmsotes
images/cave/IMG_3039.webp	SAUVIGNON
images/cave/IMG_3040.webp	N°9 SAUVIGNON | VIN DE FRANCE | 9,5% vol | 75cl
images/cave/IMG_3041.webp	LE SOUVIGNIER | GRIS
images/cave/IMG_3042.webp	LE SOUVIGNIER | GRIS | 12% vol | 75cl
images/cave/IMG_3043.webp	GRENACHE | GRIS | XEA
images/cave/IMG_3044.webp	N°9 GRENACHE GRIS | Vin rose naturellemeet | taible en alcool | VIN DE FRANCE | 2025 | 9,5% vol. | rtoia S4s | 75cl
images/cave/IMG_3045.webp	CHANT DE LUNE | CHÂTE AU | D'ARGEAS
images/cave/IMG_3046.webp	CHANT | DE LUNE | MINERVOIS | bPrELLanCa DpetAat PeOttGEt | $14,9N0L.750l | AB | 3 760325 401650
images/cave/IMG_3049.webp	altitude | syrah | GRAND FIDELE | FRANCE
images/cave/IMG_3050.webp	altitude | GRAND FIDELE | Syrah | DCRAPMIQUE PROTEGEE | RODUIT DE FRANCE | SAS VIGNOBLES GRAND FIDELE 3 F-11100 | 14% voi. | 150 | -0037 828027
images/cave/IMG_3055.webp	ORIGINE | GRAN | FIDELE
images/cave/IMG_3056.webp	ORIGINE | LANGUEDOC | Appellation d'Origine Protégne | 2024 | Syrah, Grenache Noir | CONTIENT DET SOIT S ONMANSLITE | MISE EN BOUTETLLE PAR ENISACISE | POCR SAS DOMAUNE DE GRAND FIDÉLEAFEO | $75dl | 13% | 3 770037 828010
images/cave/IMG_3057.webp	GRAN | FIDELE | ESPRIT DE TERROS | PRODUIT DE IARE
images/cave/IMG_3058.webp	ESPRIT DE TERROIR | CORBIERES | Appellation d'Origine Protégée | 2021 | Syrah - Grenache | VIN ROUGE | PRODUTT DE FRANCE | CONTIENT DES SULFTTES / CONTAINS SULPHITES | MIS EN BOUTEILLE PAR EMBUBSI POUR | SAS DOMUNE DE GRAND FIDELE A F-1300 | 14,5% з 419700-105040 | 75d
images/cave/IMG_3061.webp	FEIL | GBENACHE & SAUVIONON | IGP COTES CATALANES
images/cave/IMG_3062.webp	LES HAUTS DE | JANEiL | GRENACHE & SAUVIGNON | (b Cl | 12 %ol. | 3480043925479
images/cave/IMG_3063.webp	MAURY | JANEIL
images/cave/IMG_3064.webp	PONT | 2022 | MAURY | JANEIL | Nº0718/4000 | Le cee pn | IOMAINESFRANCOISLURTON.COM | PRODUCT OF FRANCE | 50 0-7 VoL. | 3 480046-138768
images/cave/IMG_3065.webp	ANEIL | ARRELS | 2021 | HAS JANEIL | FRANÇOIS LURTON | Sper | AOP COTES DE ROUSSILLON VILLAGES
images/cave/IMG_3066.webp	[ANEIL | MAS JANEIL | ARRELS | MPELLATION CÔOTES DU ROUISILLON VILLAGES MOTICII | ESH 8
images/cave/IMG_3067.webp	FRANÇOU.LUTD | MAS JANEIL | 2021 | PHIQUE PROTÉOLE CÔTES CAILNT
images/cave/IMG_3068.webp	MAS JANEIL | MИCACON ОЕOCRAPMЮUЕ PROTКОLК COTS CАК | STKAKWIUUSIEA | TLED MSEN SOTELLE PE E LURCONA OEPEE TALCNE FMNCE | Mиt be vatser epices (Crapt 1hd 18k puet | STRELBY I CRETRE PRR ECOCERT FRANCE SAS | 14h ald/vd- 5lnd | zIzn043100v
images/cave/IMG_3069.webp	2017 | MASEJANEIL%
images/cave/IMG_3070.webp	MAS: JANEIL | rect d graadi vin ginirss, epch ormplsos e | colvéi t vindles de nisier no saetie | Hand an Many and scagot | 75cl- 145% vol | PRODUCT OF FRANCE | 3 480042 070064
images/cave/IMG_3071.webp	Feascon Leess | Teolwemasen
images/cave/IMG_3072.webp	B0N5nler
images/cave/IMG_3073.webp	HAME V TARGUERIE
images/cave/IMG_3074.webp	DOMAINE DE SSS | TARGUERIE | DOMAINESFRANCOISLURTON.COM | (35% dchd.-750 ml | 3 480048 303387
images/cave/IMG_3075.webp	„ULE VA ROLCLOU | V: TARGUERIE
images/cave/IMG_3076.webp	VOMAINE DE S35 | TARGUERIE | 750 8 | 115 %Vol. | 3 480041-606049
images/cave/IMG_3077.webp	AIKYX SO7O | Mélody
images/cave/IMG_3078.webp	V (élode | CROS NANSENCC | 3 480042192375
images/cave/IMG_3081.webp	s caselle | TERRASSES D9
images/cave/IMG_3082.webp	les caselles | 2024 | TERRASSES DU LARZAC | WLEN NOCELEE MARUT CEER DU PCATA | PODUT CE BRANCE MODUCE OF HLNC | 3-760023 562795
images/cave/IMG_3083.webp	LNE D'EN | SÉGUR | Lфитт | Blanc | 75c - 08 c | 2024
images/cave/IMG_3084.webp	fumées | blanches | GRIS DE SAUVICNOR | 202+ | • LURTON
images/cave/IMG_3085.webp	umeesteFreym 10e | ROSÉ | lanches | VIN DE FRANCE | 75c 8 | 12%ol. | 3 480042761232
images/cave/IMG_3086.webp	tumees | blanches | AUVIGNON BLANG | le Calcaina | ORGANIC | 2025 | LÜRTON
images/cave/IMG_3087.webp	blanches | Organic | 125%ol | 3 480043 312655
images/cave/IMG_3088.webp	VIN DETRANCI | tumees | blanches | SAUVIGNON BLANC | YIN ORANGE | 2025 | LURTON
images/cave/IMG_3089.webp	Tumees | blanches | T75d- 12 % ol | 3480013693457
images/cave/IMG_3090.webp	RANCO | ZERO | fumees | Dianuhies | SAUVIGNON BLANC | LURTON + | *
images/cave/IMG_3091.webp	CERO By bance | Valeur nutritive | Nutrition Facts | 0%Vol.- 75 cd e | 3 480046 310531
images/cave/IMG_3092.webp	ZERO | BX | fumées | blanches | ROSÉ | LURTON "
images/cave/IMG_3093.webp	ZERO ger fumies | Valeur nutritive | Nutrition Facts | sat act tf wlid spes 21g | 0%Nol. - 7d e | L25251N0846 | BEE 09.2027 | 3 480046-027637
images/cave/IMG_3094.webp	fumées | blanches | SAUVIGNON BLANC | LURTON
images/cave/IMG_3095.webp	umees miimeetcarcn | SAUVIGNON BLANC | Hanches VIN DETRANC | DOMAINESFRANCOISLURTON.COM | 75dg | 115 %Vol. 3 4800-101501
images/cave/IMG_3096.webp	SAINT HUBERT | PIC SAINT LOUP | APPALLATION D'ORIGINE PROTEGLE
images/cave/IMG_3097.webp	SAINT HUBERT | 2024 | PIC SAINT LOUP | ATTILLATION DORICINT MROTTCH | PROCUIE DE HEANCE - TROOUCI OF FRANCE | 10-50C | 3 760023 560992
images/cave/IMG_3098.webp	GALABERT | PIC SAINT LOUP | APPELLATION D'ORIGINE PROTÉGÉE
images/cave/IMG_3099.webp	GALABERT | ROSE 2024 | PIC SAINT LOUP | ATELIATION D'OGINT PROTECEE | MISEN BOUTURLE KLA TROPUETE TAR LVDE | POUR LE CELLIER DU TIC A F340H ASSO] | MRODUIT DE FRANCE - TRODUCE OF FRANCE | * 1,5% Vol -7d G- | 3 760025 560763 | 00G 82210 5425-203209
images/cave/IMG_3100.webp	LA CORDÉE | 2024 | PIC SAINT LOUP | APPELLATION D'ORIGINE PROTEGEE
images/cave/IMG_3101.webp	OMAINE DE | NIZAS | 2024
images/cave/IMG_3103.webp	Mazet | de Nizas | SAUVIGNON BLANC - VIOGNIER | FRANCOIS LURTON
images/cave/IMG_3105.webp	DOMAINE DE | NIZAS | LANGUEDOC | 2022 | DE CLOS- | Tomsir Boalse
images/cave/IMG_3107.webp	Nommer | LANGUEDOC | Latitude
images/cave/IMG_3109.webp	Tomeci | LANGUEDOC | Longitude
images/cave/IMG_3111.webp	GRES DE MONTPELLIER | Château | dAssas
images/cave/IMG_3113.webp	
images/cave/IMG_3115.webp	
images/cave/IMG_3117.webp	
images/cave/IMG_3120.webp	A GRANDS PAS | VIN DE FRANCE | PAOOUT DE FRANCE - PRCOUCE OFIN | * 1% VOI.- 75d 6 | 3-760025 562756
images/cave/IMG_3121.webp	À GRANDS PAS | CARIGNAN
images/cave/IMG_3122.webp	À GRANDS PAS | CARIGNAN | 2025 | VIN DE FRANCE | * 45% Vol-Bo Ce | 34760023 562729
images/cave/IMG_3123.webp	QUE | Pinot Noir | ROUQUETS | Pays dOc | ckfen ifog vonicor irorgne
images/cave/IMG_3124.webp	RO | Pinot Noir | ROUQLETS | 2025 | PAYS D'OC | КОСАТОН СЕОСВАРНОЙЕ РRОТЕОСИ | COUT DE FRANCE • MOOUCE OF TRAN | BS H6-50 GF | 5760023 50209
images/cave/IMG_3125.webp	RO | Merlot | ROUQUET'S | Pays d'Oc | bdb-tion Clograchigue Prolr
images/cave/IMG_3126.webp	QUET | Merlor | ROUQLET'S | PAYS D'OC | OICATION GEOCRAPHIOUE HOTLR | SON SOUTELLE PAR LE CELLIER DUPS | MiODUIt DA FRANCT -PROOUCE OF IRANCE | * B5% Vl - 70 G | 3-760025 S60145
images/cave/IMG_3127.webp	ROL | Cabernet | Sauvighion | ROUQUET'S | Pavs d'Oc | Focdioe Cecorshioun Prounes
images/cave/IMG_3128.webp	ET'S | Caberhet Jaurighon | ROUQLET'S | 2025 | PAYS D'OC | 35VAL-30@ | 3-760025 560152
images/cave/IMG_3129.webp	Vioghier | ROUQUET'S | Pays d'Oc | Rolcabon Crooractigue Protige
images/cave/IMG_3130.webp	DUQU | Viognier | ROLOLET'S | PAYS D'OC | AO CATION GROCRAPHQUE PROTLOL | ATEN BOUTELLE MAR LE CELUER DUNE EACA | PRCOUIT DE FRANCE • PROOUCE OF PRANCE | • 35% Vol - -50 G- | 3 760023 560237
images/cave/IMG_3131.webp	Jauvighon | ROUQUET'S | Pays d'Oc | ndicaion Chographique Probge
images/cave/IMG_3132.webp	OUO | Jallvichen | 2OLOLYT'S | 2025 | PAYS D'OC | NOICATION GEOCAAFMIOLE PRCHEGEE | HSON BOVTELLE RAR LE CELUER DUACUDE | 25%VL-50G | 3 760023 560169
images/cave/IMG_3133.webp	LE CELLIER DU PIC DEPUIS 1989 | FONTANILLES | Ais ee bonteille dees eos chais | PAYS D'OC
images/cave/IMG_3134.webp	FONTANILLES | ROSE | 2024 | PAYS D'OC | INDICATION GEOGRAPHIOUE PROTIGEL | MES EN BOUTRILLE ZAR LE CELUIER DU FIC / D4A | TRODUIT DE FRANCE - PRODUCE OF FRANCE | E Be Ra | * 3% Vol -75d 6- | 3-760025-560206
images/cave/IMG_3135.webp	LE CELLIER DU PIC DEPUIS 1989 | FONTANILLES | Mis ee boateille dees nos chais | PAYS D'OC
images/cave/IMG_3136.webp	FONTANILLES | BLANC | 2024 | PAYS D'OC | INDICXTION GEOGRATHIOGI PROTICIL | MS IN SOUTULLE TAR LE CELLIR DU TIC F 3004 | PIODUIT DE TRANCE- PRODUCI OF (RANCI | Elll 3k/Bal | * 1,5% Vol -5d G | 3 760025 560213
images/cave/IMG_3137.webp	LE CELLIER DU PIC DEPUIS 1989 | FONTANILLES | Mler bosteille don mes ch
images/cave/IMG_3138.webp	FONTANILLES | ROUGE | 2025 | PAYS D'OC | INDICATION GEOGRAPHICUE TROTEGEE | MIS EN BOUTEILLE PAR LE CILLIER DU PIC E SEL | TROOUIT DE FRANCE - PRODUCE OF TRANCE | * 35% Vol -5d G2 | 3-760025 560190
images/cave/IMG_3139.webp	SuD de FRANCE | WlROSES | MONT ROSE | ROSE CRAPE ALE A | Berbard et
images/cave/IMG_3140.webp	3 88 vol-750 гl | 3 560480 47455
images/cave/IMG_3141.webp	VIGNOBLES | GUEISSARD | le petit g. | MÉDITERRANÉE | INDICATION GÉOGRAPHIQUE PROTICEE
images/cave/IMG_3142.webp	GU | 16Y0I | 3 760225 31043
images/cave/IMG_3143.webp	VIGNOBLES | GUEISSARD | CÔTES DE PROVENCE | ATELCATION D'ONICINL PROTESTE | Cuvce q
images/cave/IMG_3144.webp	VIGNOBLES | 2025 | GUEISSARD | CÔTES DE PROVENCE | WS EN BSNTELLEPAR | SIS REE63193 8333D LE SENUSSET - FRACE | WWW.LESVICNOBLESCUEISSARD.COM | ДИЕНВSАТО | CONTONS SILRIES | 12.5% vo | b= 328 Kpues | 3-760225 310205
images/cave/IMG_3145.webp	VIGNOBLES | GUEISSARD | CÔTES DE PROVENCE | APNILATION O'ORIIME PROTECIЯ | Сиre д
images/cave/IMG_3148.webp	GUEISSARD | le Brut nature | чон | VIN DE FRANCE | MÉTHODE TRADITIONNELLE | SUBRE PH OKLI FESG POR | WWW.LESVICNOBLESCUESSARO.COM | 12 % vol 750 ml
images/cave/IMG_3149.webp	DOMAINE | GUEISSARD | BANDOL | OPPLLATION D'ORICINE PROTECRI
images/cave/IMG_3150.webp	DOMAINE | GUEISSARD | BANDOL
images/cave/IMG_3152.webp	DOMAINE | GUEISSARD | BANDOL
images/cave/IMG_3153.webp	GUEISSARD 2024
images/cave/IMG_3156.webp	OYSTERMAN | 2025
images/cave/IMG_3157.webp	OYSTERMAN | Muscadet 2025 | Appeltation Muscadet Controlle | Vin blanc sec 100 % Melon B | Eevé sur ses les fines au moins 6 mos | Un Muscadet frais et fruité a déguster à figlrts | entre amis ou avec un besu platesu chubes. | Senvir entre 8 et 12°c | SAS OLLIVIER COTTENCEAU | 44580 Maisdon sur Sèvre - France | 750 мL | 12% VOL
images/cave/IMG_3158.webp	CreNouIlle | MUSCADET SÉVRE ET MAINE | SUR LIE | HIHLATION MUSCADET SEVRL ET MAIN! CONTEOLL | TX HASCI MAIGTON | DOMAINE DI LA | GRENAUDIERE | Les | Vmsea28A
images/cave/IMG_3159.webp	LA GRENOUILLE | Muscadet Sèvre et Maine sur Lie 2025 | Appelation Muscadet Sèvre et Maine Cortclle | Vin blanc sec 100 % Melon B | Temoir grantique des coteaux de la Mane | Elevé sur ses les fines de 6 a 15 mos | na rtansa ee complexe de tus tinas e oag-enn | ae ens te 12% | 44ES0 Maisdon sur Stere - Faece | 12% VOL
images/cave/IMG_3160.webp	GRAND VIN DE LOIRE | CHÂTEAU-THÉBAUD | MUSCADET SÉVRE ET MAINE | VIGNOBLE | OLLIVIER-ODITENCEAU | Vigseroes en Muscadet depols 1723
images/cave/IMG_3161.webp	Domaine de la Grenaudière | Château-Thébaud | 2022 | Aspelation Muscadet Sèvre et Maine Controle | Vin blanc sec 100% Melon B | eeve sur ses les fines en cuve souterraine pendant 28 mot | Un cru du Muscadet Sin et Glépart à déguster avec | des poissons, des fruts de mer, un besu platesu de | fromapes attoés ou des mets asiatiques (sushis ou | sashimi | Servir entre 12 et 14°c | Mis en bouteille à la propriété par | Domaine de la Grenaudière | 44690 Maisdon sur Sèvre - France | 750 ML | 12% VOL | 3464388312005
images/cave/IMG_3162.webp	GRAND VIN DE LOIRE | CLISSON | MUSCADET SÉVRE ET MAINE | VIGNOBLE | OLLIVIER-COTTENCEAU | Vigperons en Miscadet depiuis 1723
images/cave/IMG_3163.webp	Domaine de la Grenaudière | CLISSON 2019 | Appeltation Muscadet Stvre et Maine Controlée | Vin blanc sec 100% Melon B | Elvi sur snt les fhes en cove sooteraine pendart 80 nos | Un cru du Muscadet poissant et complere à déguster | fres des poissons en sauce, des viandes blanches. | du fhie gras ou bien des fromages affinds | Servir entre 12 et 14°c | Mis en bouteille à la propriéte par | Domaine de la Grenaudière | 44690 Maisdon sur Sèvre - France | 750 ML. | 12% VOL | 484882 612008
images/cave/IMG_3164.webp	orl
images/cave/IMG_3165.webp	LA CUVÉE | DES | COPAINS | VICKONE | OLLIVER-COTTENCER | cub elte
images/cave/IMG_3167.webp	Bulles de Plénomiène
images/cave/IMG_3168.webp	Bules de Phénomène | Vn mousseux gastfte desaicoolse | ctrtenu par adjoncion de dioxyde de carbone | 750mL | 0.5% vol | SAS OLMER COITENIA: 2, 4 Oeate: L Vaceun Sen it | PRODUIT DE FRANCE
images/cave/IMG_3169.webp	DE ZERO | 0,0% ALC | O% ALCOOL, 100% PÉTLAN | NONDUCYS KNOOH | 123E
images/cave/IMG_3170.webp	Lo
images/cave/IMG_3171.webp	CHON & FIL | LAURENT PERRACHON | CT FILS | BEAUJOLAIS BLANC | CHARDONNAY
images/cave/IMG_3172.webp	LAURENT PERRACHON ET FILS | BEAUJOLAIS BLANC2ID4 | "Tome de Losse | hodacm adme de Gadmen. b | Tolk Hanch". Ie wrsnde od sital su tureo | Cat la moillcurs zoee de peadacton pour los kan | ie dos ima Hianche draails d de cllueee | pa ikt, a fa-le Porada lepecise | Me an Aoutells per ias Vina Permahte d Fas i Malbar 1a
images/cave/IMG_3173.webp	FAMILLE PERRACHON | A JOLIENAS DEPUIS 1601 | MACON-VILLAGES | APPECLATIOS SACOS: VILLAGES CONTROLIE | "Vieilles Vignes" | 2023 | VIN DE BOURGOGNE
images/cave/IMG_3174.webp	NI PER | SAMILIR PRRRACHON | MACON VILLAGES 2023 | Vacilos Varsos | ARUESO FIOEONRE | Twctet ctraveeeet de Chardoesa Se | plaacun comnterumes dr Sad Maccenais, ke sdl oi | vllpoie oe crac of callcaies de Torc M | Cevin cxprime en bopgnct de fraits a char blasde | a capames, La boache offre un bel oquilrt o | h botor -s0se Mes-FU | www.vintoracha.cm | Maa Jodollc Nelo We Pendoe df FisaN | 37601747391
images/cave/IMG_3175.webp	FAMILLE PERRACHON | A JULIENAS DEPUIS 1501 | POUILLY-FUISSE | MPPELLATIOS POSTLLY FEISSE CONTBOLET | «Vieilles Vignes» | GRAND VIN DE BOURGOGNE
images/cave/IMG_3176.webp	FAMILLE PERRACHON | POUILL.Y-FUISSE 2024 | AHLLTINHOLLY FUES COFRILE | Ae Thämc sitck, oote femlle cxplocait dor vph | Peaily-Frissé. Les tois losois de cte cale | enscsacat de calcairos Haeos, de sdbida d p | -94 La noie manocik ane pa | ubon if asatt c oave nat df do | Tbe boacbe ncbc, dlpats di oceplan | Ats Isll, a bende Peraha foper i De | Sa en badole as domane | 3 760174-759704
images/cave/IMG_3177.webp	FAMILLE PERRACHON | A JULIENAS DEPUIS 1601 | POUILLY-FUISSE I" Cr | APELLATIOS POGILLY FUISSE I CAF CONTROCEE | "Vers Cras" | 2023 | GRAND VIN DE BOURGOGNE
images/cave/IMG_3178.webp	& | FAMILLE PERRACHON | POUILLY-FUISSE 2023 | fer Cru "Vers Cras | MLATON | GRNO IIN DESORSOOE | Ce konsr ine de Jerassigas, priscote da sie pa | pmbeds de clcairos dun.fn dl Hascr. Lebcac. a | nor dfie ls grandker des graede vtes de Beper | intmc nur 0.15 ha soit 2 dene-1c | mcmas de 800E.1, le vie voes sádaia per ve | petcntion de garde | Bodtolle N° | 172340 | Degei 1, le fheile ferrabaa eper i nopcor t epl | Tão de sa rgie, prodecant do rie voeko | ia lotior-6180 Mita-RAC | Na a botelle as Doesinc Pomachoe d Fil a Se P | 30ML 8 IIN VOE | CONTANI SILATTIS 3760174 7599338
images/cave/IMG_3179.webp	RENT | LAURENT PERRACHON | CT FILS | BEAUJOLAIS VILLAGES | TERRE DE LOYSE
images/cave/IMG_3180.webp	LAURENT PERRACHON ET FILS | BEAUJOLAIS VILLAGES 20* | КUтх встостя Sс | Ca Bcagolais-Villagos oif mroduit sur deux crenao | drpaós mas aroc des sos 6omts (L'n uhcaa | Falgx, Taere ra/loclcr D vose canco S0%1 | Souuct aronuoigue de trats ropor | Сораре : 100 % UE | Deps MA, a famsile Pemadhen apes 1t | 3 760174 754330
images/cave/IMG_3181.webp	LAURENT PERRACHON | JULIÉNAS | LES VIGNES CENTENAIRES | Fewdhed
images/cave/IMG_3182.webp	LAURENT PERRACHON STHIS | JULTENAS 2023 | Les Vipees Ceatenaires" | Mk polle parocic (02% boctars) pul sur le lore | L boore" (hmoncexof grambqw) Colke | es donne de setss rendomoets DUN | L4 vn ot vol5 10 moi on Ee harecnot / | Mрaрe : 100% Camey Nar a ja Nes | Mlaele Tenedue r'eper i mepede d caren » | tin de a regu, prodid do dn edeie | La Botsor -fosal Jolvna-R0CE | www.ssasporacht.lo | Waa bedole pur les Vimn Peshoe @ hate | 2RODETT DE FRANCE | 70ML.G IIS VOL | MOTANSSULFTTES 3-760174 75300
images/cave/IMG_3189.webp	& FILS | RUJENT PERRACHON ET FILS | ARLNOпOCN | SAINT-AMOUR | Smoureua de Poynet | Cate paudias on puendie badie | Mebaad, pa la 15u Ponuchor &Ile Alive)
images/cave/IMG_3190.webp	AMOUREUX DE PEYNET | SAINT AMOUR 2024 | APELLATION SANT AMDER CONTRCLEE | wl la snserai Vyat vosteat k Ce Sas, esa | кonak SrontwarSlaw" | & Roysond foysel, rystole di sestare | • COPYRICHT - PETNIT / ADACPAOS | Nore selr pe is Viss Feroahce et Fai hacsa (054 | PRODETT DE FRANCE | TNMEG IISVOE | CONTANS SULENITES | 3760174-758241
images/cave/IMG_3191.webp	LAURENT PERRACHON | ET FILS | MORGON | CORCELETTE | Fewadd
images/cave/IMG_3192.webp	LAURENT PERRACHON ET FILS | MORGON 2024 | Corociotls | SINAETNON | Ca vicilos vigocs (50 aes el pls), aror tei | copesdine Eat soet cntidranscet vitados wur k lamve | "Corscktse", sol schistoer d prassige | Crtamolr produit es vin mascalia avor dor tae | Cópapo : 100% Giassy: | owe Xl, la fanie Perade ieper i ropelrd | yine ls levc d a spa, praaa | Mra boutali pe la Vioa Prnchoe d Fiv i Saloe Iiln | PROCETT DE FRANCE | 3016.g 17% VOE | COSTARS SILPLTES 3-760174-751012
images/cave/IMG_3193.webp	LAURENT PERRACHON | ET FILS | MOULIN A VENT | LES BURDELINES | Fenodia
images/cave/IMG_3194.webp	PERRACH | LAURENT PERRACHON ET FILS | MOULIN A VENT 2022 | Cade parclle cut sibace sar unn placcas hice siri sike on | mapasc. L'Sec micyon dos ceps ontr (0 a 8i z | doracnt des raisins xeik millcrandis plas coscos | Soe dnage tor long cn fies de chúnc di Soedo | mondoun benias des ie icmpt | Cépaes : 100% Giamay | ps Mt, le banile Temeduas (eeser i ropae t opn) | La Bobiec-1958 Micu-FINE | Wa e boelktala Ve Pesdhon d R | POJOLTTDE PRANE | 73016.3 13% VOE. | CONTAINS SULFTTES | -760174 750404
images/cave/IMG_3195.webp	LAURENT PERRACHON | ETFILS | FLEURIE | VIEILLES VIGNES | Fenadhad
images/cave/IMG_3196.webp	LAURENT PERRACHON ET FILS | SPOTIANNR PSS CONTEOS | Cos parodios actesios on 2005 soel Bos pectl | Ponc b code at weros de drs Tarl | Ta Menmaea ttoeolro". Les don lanis | wal Bos paurox, Franitigacs ef sablout vurde | sods swno (pls de 2a | -Сonane: 100 e | Dees 160t la fanile Terache lapey | Mra kuelk tur ls fine Pooadoe d Fasi Mce | TRIOCTT DE SRANCE | 750ME$126.1008) | CONTAINS SUTFTTES 3-760174 7304
images/cave/IMG_3197.webp	FAMILLE PERRACHON | A JULIENAS DEPBIS 1601 | BROUILLY | APELLATION BROCULLE COSTEOLEE | «Vieilles Vignes* | CRU OU BEAUJOLAIS
images/cave/IMG_3198.webp	TANHEEECOKRACHE | BROUILLY 2025 | adsesottol | La henule Pemachon e snntalide à Julcnas ano | tmtcce dr cntme nilage dpus | Nu a betalei lapandise CiBdeuke | Powte in Perube d FhiNot | SMAT DE FRANC | CONTANS STT SITES
images/cave/IMG_3200.webp	JAND | EVERO | CHATEAU DE | GARDEGAN | 2019 | MES EN BOUTEILLE AU CHATEAL | Kos ie bocnca 19330 San Enulea- Fe | 2blrd
images/cave/IMG_3202.webp	13% vol. | CHATEAU LA GUILLAUMETTE | Entre Deux Mers | Bernard Artigiee | Ilis en SBouteille au Chateau
images/cave/IMG_3203.webp	Château Climens | Petite Lily | 2023
images/cave/IMG_3204.webp	Chateau | PETITE LA Y 2023 eat | Climens | 100% SEM | demater | bonnedes pour 130m | 305 kJ (74 Kcat) | 0,45g | 13% Vo
images/cave/IMG_3205.webp	Chateau | la ( | Quillaumetie | BORDEAUX
images/cave/IMG_3206.webp	VIN DE SORDEAUX | CHATEAU LA GUILLAUMETTE | MISEN BOUTBILLE AUCHATEAU | PROCUCTOE TRANT 135%riGO
images/cave/IMG_3207.webp	BORT | PERSEVE | VIS EN BOUTEILLE AU CHATEAU | 2020 | PERSEVERO | CHÂTEAU LA GRÅCE FONRAZADE | SAINT-ÉMILION RLAND CRU
images/cave/IMG_3208.webp	GRAT | PERSEVE | PERSEVERO | CHÁTEAU LA GRÄCE FONRAZADE | 2020 | SAINT-EMILION | GRAND CRU | WESEOLOCHOUu | MIS EN BOUTEILLE AU CHÄTENU | Tel bdcrfas Oocrbato Ll9) | 5-760254-520019
images/cave/IMG_3209.webp	Château Soutard | Grand Cru Classé | Sainf-Emilion Grand Cru | 2022
images/cave/IMG_3210.webp	Chafeau Soulard | Grand Cru Classé | 2022 | SAINT-ÉMILION GRAND CRU | OMSELOXS SANT DEUOIN CRANO CRE CONROCEE | amponi de | MERLOT, CABERNET-FRANC, | CABERIET-SURICNON MALSECI | MIS EN BOUTEILLE AU CHÅTEAU | SCEADU CHATENU SOUTARD | 3-760147 653954
images/cave/IMG_3211.webp	PRIETE | Chiteau | Pieure Lichine | GRAND CRU CLASSE EN 185S | 2020 | MARGAUX | MIS EN BOUTEILLE AU CHATEAD
images/cave/IMG_3212.webp	MARI | Di Chataehine | 2020 | MARGAUX | PRODUCT OF TRANCE | MIS EN BOUTEILLE AU CHÅTEAU | TROPRIETARE A CANTENAC- BORDENLX | www.prieure-lichine.fr | (33 cd.)
images/cave/IMG_3213.webp	VIN DES ROL | DOE DES VIN, ( | CHÂTEAU | GRUAUD LAROSE | 2010 | SAINT-JULIEN | GRAND CRU CLASSE EN 1855
images/cave/IMG_3214.webp	SAINT-JULIEN | APPELLATION SAINT-JULIEN CONTROLÉE | VISES SORTTILE AUT CHATEAD | SA CHATEAO GRUAUD CARON | SINTJULIEN SEYCHEVFLLE 13230 - BRASCE | PRODUCE OF TRANCT E BORDEALT | CEAND VIS DE SORDEAUX | • iie
images/cave/IMG_3215.webp	CHATEAD | PICHON BARON | 2017 | PAUITLAC
images/cave/IMG_3216.webp	PICH
images/cave/IMG_3217.webp	jª Srand Tiu Clave | Clos Fourtet | SAINT-ÉMILION GRAND CRU | 2021 | Famille Pb. CUVELIER
images/cave/IMG_3218.webp	Clos Fourtet | rToad To Cac | AINT-ÉMILION GRAND CRE
images/cave/IMG_3219.webp	MINUTY | PRESTIGE | COTES
images/cave/IMG_3220.webp	
images/cave/IMG_3221.webp	
images/cave/IMG_3222.webp	CHATEAU | GAND- RUY DUCASSE | GRAND CRU CLASSE EN 1855 | PAUILLAC | APPELLATION PAUILLAC CONTRÖLEE | 2015 | MIS EN BOUTEILLE AU CHATEAU
images/cave/IMG_3223.webp	CHATEAU | CRAND-PUY DUCASSE | PAUILLAC | c condule | 2015 | 15d-3in
images/cave/IMG_3224.webp	CHÂT EAU | LA DOMINIQUE | GRAND CRU CLASSÉ | SAINT-ÉMILION GRAND CRU | 2020 | Fomille Glement Fayat
images/cave/IMG_3225.webp	WE LaD | GRAN | CHÂTEAU | LA DOMINIQUE | CRAND CRO CLADE | 2020 | SAINT-ÉMILION GRAND CRU | Fomle Climonr Fgur | TRCPUETURE RECOLTANT A SANT-EMILION | PRODUIT DE TRANCE TRODUCT OF FANO | NES IN TOUTEELLE AU CHATTE | 750 ML IDR ACNOL | 3 760151 401657
images/cave/IMG_3226.webp	CHÂTEAC | PONTET-GANET | ERAND CRU GLASSÉ EN 18IT | CHATEAU | PONTET-CANET | 2017 | PAUILLAC | ALISES TESSERON •. HERTTIERS G. TESSEE
images/cave/IMG_3227.webp	CANET | PONTI | RREJ | CHATEAU | PONTET-CANET | 2017 | PAUILLAC | AFILLATION PAUTLLAC CONTROLEE | MIS IX BOUTEILLE XE CHÂTEAD | MAS DEOTATEAE ONTATANT | 3 700446 517120
images/cave/IMG_3228.webp	VELILLEAU CHATCA | CHATEAU DUHART-MILON | 2023 | PAUILLAC | GRAND CRU CLASSE
images/cave/IMG_3229.webp	CHATEAU DUHART-MILON | PAUILLAC | NIS EN BOUTEILLE AU CHATEAU
images/cave/IMG_3230.webp	MADAME | DE | RAYNE | SES EA BOUTEEEAS LA PAONUFTE | SAUTOMES | 2015
images/cave/IMG_3231.webp	MADAME | DE | RAYNE | SAUTERNES | ADPELLATION SAUTERNES CONTADitE | 135% гd -7,1
images/cave/IMG_3232.webp	CLO | SNCLE VINEYARD | ORCANIC WINE | CHILE | Araucane
images/cave/IMG_3233.webp	CLO | 75 cl | 14%Vol.
images/cave/IMG_3234.webp	Vina Unico do | Banдa Pila lagra | DillaMoo Mendirae | Angentina 16 Los Chac
images/cave/IMG_3235.webp	eyсs | WENE OF ARGENTINA - MENDOD | Preokalieyr
images/cave/IMG_3236.webp	503 | PRADOREY | RES | 2017 | FINCA | LA MINA | Singit Frospard | RIBERA DEL DUERO | DENOWINACIÓN DE ORIGEN
images/cave/IMG_3237.webp	PRADOREY | LA MINA 2017 | renoso con contenido en calas, lo que nitl | encs 12 meses en barricas de roble fanoie | BOENA 07611 DE 24.177 | RIBERA DEL DUERO SENORIXACIERSE ERGON | ELRCRADO Y EMECTELLADO EN LA PROPIEDAD POR | ROLSTODE VENTOSILLA, SA O94A3 GUMIEL DE MERCIDO | 3URCOS-ESPASA - SPAN - EULREN 8030-00 | BODEGA Y VIÑEDOS FAMILIARES | RONCUX CNL/INCOUCTOF SAN | 1-0311743 | 445/l. 750ml 0 | 8 437000-121133 | RESERVA | APDN 639374 | RI | BE | RA | DUÊRO
images/cave/IMG_3238.webp	Guaue | NENIN | OMEROL | 2021
